{
  "info": {
    "name": "API Docentes - api-docentes-Dm",
    "_postman_id": "2d1f4b66-9c2b-4b7a-b7d1-dm0000000000",
    "description": "Colección para probar la API de docentes (H2, puerto 8080)",
    "schema": "https://schema.getpostman.com/json/collection/v2.1.0/collection.json"
  },
  "item": [
    {
      "name": "Crear Docente",
      "request": {
        "method": "POST",
        "header": [
          {
            "key": "Content-Type",
            "value": "application/json"
          }
        ],
        "body": {
          "mode": "raw",
          "raw": "{\n  \"tipoDocumento\": \"CC\",\n  \"numeroDocumento\": \"123456789\",\n  \"nombres\": \"David\",\n  \"apellidos\": \"Morales\",\n  \"correo\": \"david@mail.com\",\n  \"telefono\": \"3130000000\"\n}"
        },
        "url": {
          "raw": "http://localhost:8080/api/docentes",
          "protocol": "http",
          "host": [
            "localhost"
          ],
          "port": "8080",
          "path": [
            "api",
            "docentes"
          ]
        }
      }
    },
    {
      "name": "Obtener todos",
      "request": {
        "method": "GET",
        "header": [],
        "url": {
          "raw": "http://localhost:8080/api/docentes",
          "protocol": "http",
          "host": [
            "localhost"
          ],
          "port": "8080",
          "path": [
            "api",
            "docentes"
          ]
        }
      }
    },
    {
      "name": "Actualizar Docente",
      "request": {
        "method": "PUT",
        "header": [
          {
            "key": "Content-Type",
            "value": "application/json"
          }
        ],
        "body": {
          "mode": "raw",
          "raw": "{\n  \"tipoDocumento\": \"CC\",\n  \"numeroDocumento\": \"123456789\",\n  \"nombres\": \"David Actualizado\",\n  \"apellidos\": \"Morales\",\n  \"correo\": \"nuevo@mail.com\",\n  \"telefono\": \"3201111111\"\n}"
        },
        "url": {
          "raw": "http://localhost:8080/api/docentes/1",
          "protocol": "http",
          "host": [
            "localhost"
          ],
          "port": "8080",
          "path": [
            "api",
            "docentes",
            "1"
          ]
        }
      }
    },
    {
      "name": "Eliminar Docente",
      "request": {
        "method": "DELETE",
        "header": [],
        "url": {
          "raw": "http://localhost:8080/api/docentes/1",
          "protocol": "http",
          "host": [
            "localhost"
          ],
          "port": "8080",
          "path": [
            "api",
            "docentes",
            "1"
          ]
        }
      }
    }
  ]
}